[{"timeTaken":"0h:0m:6s","stepNo":1,"stepExpected":"Website to get successfully loaded","screenShot":"COA_Install_7/1.png","stepDescription":"Launching the WebSite, URL Launched --> https://optixnte12.ebiz.verizon.com/Cofee/Content/Preordering/testpage.aspx","stepStatus":"Passed","stepActual":"Website is successfully loaded"},{"timeTaken":"0h:0m:5s","stepNo":2,"stepExpected":"Enter user name: gopami4","screenShot":"COA_Install_7/2.png","stepDescription":"Verizon sign page -- User name","stepStatus":"Passed","stepActual":"User name is entered."},{"timeTaken":"0h:0m:0s","stepNo":3,"stepExpected":"Enter password","screenShot":"COA_Install_7/3.png","stepDescription":"Verizon sign page-- password","stepStatus":"Passed","stepActual":"Password entered."},{"timeTaken":"0h:0m:4s","stepNo":4,"stepExpected":"Click on sign in button.","screenShot":"COA_Install_7/4.png","stepDescription":"Verizon sign page-- sign in button.","stepStatus":"Passed","stepActual":"Clicked on sign in button."},{"timeTaken":"0h:0m:21s","stepNo":5,"stepExpected":"Login should be successful.","screenShot":"COA_Install_7/5.png","stepDescription":"Trying to login to the Page., URL Launched --> https://optixnte12.ebiz.verizon.com/Cofee/Content/Preordering/testpage.aspx","stepStatus":"Passed","stepActual":"User is successfully logged in"},{"timeTaken":"0h:0m:2s","stepNo":6,"stepExpected":"Click on open account icon","screenShot":"COA_Install_7/6.png","stepDescription":"Open account icon","stepStatus":"Passed","stepActual":"Clicked on open account icon"},{"timeTaken":"0h:0m:6s","stepNo":7,"stepExpected":"New account button should be clicked and new window should be opened.","screenShot":"COA_Install_7/7.png","stepDescription":"Validation of New Account button., URL Launched --> http://optixnte12.ebiz.verizon.com/SimplexMS/Web/ContainerGatewaySvc/Gateway/GetWidgetView?AppId=EIQ&AgentSessionID=e3e0b4ee-fb08-4123-8bff-babbd6e90974&OrderSessionId=sit-bbf19687-b8a4-4cce-bafb-b00415113863&ProcessType=REPDASHBOARDVIEW#","stepStatus":"Passed","stepActual":"Clicked on new account button and opened new account window."},{"timeTaken":"0h:0m:2s","stepNo":8,"stepExpected":"New account should be clicked.","screenShot":"COA_Install_7/8.png","stepDescription":"Click on New account., URL Launched --> http://optixnte12.ebiz.verizon.com/SimplexMS/Web/ContainerGatewaySvc/Gateway/GetWidgetView?AppId=EIQ&AgentSessionID=e3e0b4ee-fb08-4123-8bff-babbd6e90974&OrderSessionId=SIT-d29eab32-5b05-4282-b0ab-50d307421bf0&FlowType=Change&ProcessType=CONTAINERVIEW#/newconnect/accountsearch","stepStatus":"Passed","stepActual":"Clicked on Account."},{"timeTaken":"0h:0m:5s","stepNo":9,"stepExpected":"Calling party name should be entered.","screenShot":"COA_Install_7/9.png","stepDescription":"Enter calling party name","stepStatus":"Passed","stepActual":"Entered ITOTest calling party name."},{"timeTaken":"0h:0m:1s","stepNo":10,"stepExpected":"Call back no should be entered.","screenShot":"COA_Install_7/10.png","stepDescription":"Enter call back no.","stepStatus":"Passed","stepActual":"Entered 813-966-5252 call back no."},{"timeTaken":"0h:0m:3s","stepNo":11,"stepExpected":"Reason for call should be selected.","screenShot":"COA_Install_7/11.png","stepDescription":"Select reason for call.","stepStatus":"Passed","stepActual":"Selected Sales/Acquisition reason for call."},{"timeTaken":"0h:0m:5s","stepNo":12,"stepExpected":"Alternate phone no should be entered.","screenShot":"COA_Install_7/12.png","stepDescription":"Enter alternate phone no.","stepStatus":"Passed","stepActual":"Selected 813-966-5237 alternate phone no."},{"timeTaken":"0h:0m:0s","stepNo":13,"stepExpected":"Line of business should be selected.","screenShot":"COA_Install_7/13.png","stepDescription":"Select line of business","stepStatus":"Passed","stepActual":"Selected line of business: Consumer"},{"timeTaken":"0h:0m:2s","stepNo":14,"stepExpected":"Email id should be entered.","screenShot":"COA_Install_7/14.png","stepDescription":"Enter email.","stepStatus":"Passed","stepActual":"Entered mithra.gopal1@verizon.com email id."},{"timeTaken":"0h:0m:2s","stepNo":15,"stepExpected":"Next button should be clicked on customer info tab.","screenShot":"COA_Install_7/15.png","stepDescription":"Click on next button of customer info tab.","stepStatus":"Passed","stepActual":"Clicked on Next button of Customer info tab."},{"timeTaken":"0h:0m:10s","stepNo":16,"stepExpected":"Zip code should be entered.","screenShot":"COA_Install_7/16.png","stepDescription":"Address search tab -- enter zip code.","stepStatus":"Passed","stepActual":"Entered 22030 zip code."},{"timeTaken":"0h:0m:6s","stepNo":17,"stepExpected":"Address should be entered.","screenShot":"COA_Install_7/17.png","stepDescription":"Address search tab -- Enter address.","stepStatus":"Passed","stepActual":"Entered 4338 S000016269 address."},{"timeTaken":"0h:0m:0s","stepNo":18,"stepExpected":"Address should be entered.","screenShot":"COA_Install_7/18.png","stepDescription":"Address search tab -- Enter address.","stepStatus":"Passed","stepActual":"Entered 4338 S000016269 address."},{"timeTaken":"0h:0m:4s","stepNo":19,"stepExpected":"Next button should be clicked on address search tab.","screenShot":"COA_Install_7/19.png","stepDescription":"Click on next button of Address search tab.","stepStatus":"Passed","stepActual":"Clicked on Next button of address search tab."},{"timeTaken":"0h:0m:22s","stepNo":20,"stepExpected":"Next button should be clicked on verify address tab.","screenShot":"COA_Install_7/20.png","stepDescription":"Click on next button of verify Address tab.","stepStatus":"Passed","stepActual":"Clicked on Next button of verify address tab."},{"timeTaken":"0h:0m:15s","stepNo":21,"stepExpected":"Agency ID CETC should be selected","screenShot":"COA_Install_7/21.png","stepDescription":"Verify Agency ID in sales Profile","stepStatus":"Passed","stepActual":"Agency ID CETC is selected"},{"timeTaken":"0h:0m:0s","stepNo":22,"stepExpected":"Save should be clicked","screenShot":"COA_Install_7/22.png","stepDescription":"Verify Save is clicked in sales Profile","stepStatus":"Passed","stepActual":"Save is clicked"},{"timeTaken":"0h:0m:5s","stepNo":23,"stepExpected":"Giving sales profile info in details","screenShot":"COA_Install_7/23.png","stepDescription":"Entering sales profile info details., URL Launched --> http://optixnte12.ebiz.verizon.com/SimplexMS/Web/ContainerGatewaySvc/Gateway/GetWidgetView?AppId=EIQ&AgentSessionID=e3e0b4ee-fb08-4123-8bff-babbd6e90974&OrderSessionId=SIT-d29eab32-5b05-4282-b0ab-50d307421bf0&FlowType=Change&ProcessType=CONTAINERVIEW#/newconnect","stepStatus":"Passed","stepActual":"Giving sales profile info in Calling From Page was successful"},{"timeTaken":"0h:0m:15s","stepNo":24,"stepExpected":"Giving Address info in details","screenShot":"COA_Install_7/24.png","stepDescription":"Search and verify address details., URL Launched --> http://optixnte12.ebiz.verizon.com/SimplexMS/Web/ContainerGatewaySvc/Gateway/GetWidgetView?AppId=EIQ&AgentSessionID=e3e0b4ee-fb08-4123-8bff-babbd6e90974&OrderSessionId=SIT-d29eab32-5b05-4282-b0ab-50d307421bf0&FlowType=Change&ProcessType=CONTAINERVIEW#/newconnect","stepStatus":"Passed","stepActual":"Search and verify address in Calling From Page was successful"},{"timeTaken":"0h:0m:23s","stepNo":25,"stepExpected":"New Resident Moving In should be selected.","screenShot":"COA_Install_7/25.png","stepDescription":"Select RG questions","stepStatus":"Passed","stepActual":"selected New Resident Moving In RG question"},{"timeTaken":"0h:0m:0s","stepNo":26,"stepExpected":"No should be selected.","screenShot":"COA_Install_7/26.png","stepDescription":"Select RG questions","stepStatus":"Passed","stepActual":"selected No RG question"},{"timeTaken":"0h:0m:0s","stepNo":27,"stepExpected":"No should be selected.","screenShot":"COA_Install_7/27.png","stepDescription":"Select RG questions","stepStatus":"Passed","stepActual":"selected No RG question"},{"timeTaken":"0h:0m:0s","stepNo":28,"stepExpected":"Negotiate Order should be selected.","screenShot":"COA_Install_7/28.png","stepDescription":"Select RG questions","stepStatus":"Passed","stepActual":"selected Negotiate Order RG question"},{"timeTaken":"0h:0m:1s","stepNo":29,"stepExpected":"Streaming should be selected.","screenShot":"COA_Install_7/29.png","stepDescription":"Select RG questions","stepStatus":"Passed","stepActual":"selected Streaming RG question"},{"timeTaken":"0h:0m:0s","stepNo":30,"stepExpected":"Gotta Have It All should be selected.","screenShot":"COA_Install_7/30.png","stepDescription":"Select RG questions","stepStatus":"Passed","stepActual":"selected Gotta Have It All RG question"},{"timeTaken":"0h:0m:3s","stepNo":31,"stepExpected":"EPIX should be selected.","screenShot":"COA_Install_7/31.png","stepDescription":"Select RG questions","stepStatus":"Passed","stepActual":"selected EPIX RG question"},{"timeTaken":"0h:0m:3s","stepNo":32,"stepExpected":"Assign New Telephone Number should be selected.","screenShot":"COA_Install_7/32.png","stepDescription":"Select RG questions","stepStatus":"Passed","stepActual":"selected Assign New Telephone Number RG question"},{"timeTaken":"0h:0m:14s","stepNo":33,"stepExpected":"Answering RG questions and completing the flow.","screenShot":"COA_Install_7/33.png","stepDescription":"Selecting RG Questions, URL Launched --> http://optixnte12.ebiz.verizon.com/SimplexMS/Web/ContainerGatewaySvc/Gateway/GetWidgetView?AppId=EIQ&AgentSessionID=e3e0b4ee-fb08-4123-8bff-babbd6e90974&OrderSessionId=SIT-d29eab32-5b05-4282-b0ab-50d307421bf0&FlowType=Change&ProcessType=CONTAINERVIEW#/QnALoad","stepStatus":"Passed","stepActual":"Answering RG Questions in RG Page was successful"},{"timeTaken":"0h:0m:37s","stepNo":34,"stepExpected":"Verify Whether OPO is Loaded","screenShot":"COA_Install_7/34.png","stepDescription":"To View Whether OPO is Loaded","stepStatus":"Passed","stepActual":"OPO Should be Loaded"},{"timeTaken":"0h:0m:12s","stepNo":35,"stepExpected":"Internet plan should be selected.","screenShot":"COA_Install_7/35.png","stepDescription":"Select Internet Plan: Fios Gigabit Connection (Up to 940/880 Mbps)","stepStatus":"Passed","stepActual":"Selected internet plan: Fios Gigabit Connection (Up to 940/880 Mbps)"},{"timeTaken":"0h:0m:1s","stepNo":36,"stepExpected":"Digital Billing enrollment message is  displayed: Please read to the customer.","screenShot":"COA_Install_7/36.png","stepDescription":"Digital Billing enrollment message should be  displayed: Please read to the customer.","stepStatus":"Passed","stepActual":"Digital Billing message is Please read to the customer."},{"timeTaken":"0h:0m:3s","stepNo":37,"stepExpected":"Digital Billing enrollment Checkbox is not displayed for NJ address","screenShot":"COA_Install_7/37.png","stepDescription":"Digital Billing enrollment Checkbox should be displayed for NJ address","stepStatus":"Passed","stepActual":"Digital Billing enrollment Checkbox is not displayed for NJ address and it is not selected"},{"timeTaken":"0h:0m:6s","stepNo":38,"stepExpected":"Digital Billing enrollment please review is displayed","screenShot":"COA_Install_7/38.png","stepDescription":"Digital Billing enrollment please review should be displayed","stepStatus":"Passed","stepActual":"Digital Billing enrollment please review is displayed and it is clicked"},{"timeTaken":"0h:0m:6s","stepNo":39,"stepExpected":"Tv plan should be clicked.","screenShot":"COA_Install_7/39.png","stepDescription":"Click on tv planFios TV Ultimate HD","stepStatus":"Passed","stepActual":"Clicked on Fios TV Ultimate HD tv plan"},{"timeTaken":"0h:0m:10s","stepNo":40,"stepExpected":"Streaming services not selected","screenShot":"COA_Install_7/40.png","stepDescription":"streaming Services to be selected","stepStatus":"Failed","stepActual":"Streaming services is not selected"},{"timeTaken":"0h:0m:8s","stepNo":41,"stepExpected":"Voice plan should be selected.","screenShot":"COA_Install_7/41.png","stepDescription":"Select voice planFios Digital Voice","stepStatus":"Passed","stepActual":"Selected voice planFios Digital Voice"},{"timeTaken":"0h:0m:14s","stepNo":42,"stepExpected":"Month to month agreement should be selected.","screenShot":"COA_Install_7/42.png","stepDescription":"Select Month to Month Agreement","stepStatus":"Passed","stepActual":"Selected Month to Month agreement."},{"timeTaken":"0h:0m:1s","stepNo":43,"stepExpected":"Select Contract Term if available","screenShot":"COA_Install_7/43.png","stepDescription":"Negotiate Contract","stepStatus":"Passed","stepActual":"Selected Contract: M2MAutoPayDecline"},{"timeTaken":"0h:0m:13s","stepNo":44,"stepExpected":"Display Agreement & Offers Section","screenShot":"COA_Install_7/44.png","stepDescription":"To View Agreement & Offers Section","stepStatus":"Passed","stepActual":"Agreement & Offers Section should be displayed"},{"timeTaken":"0h:0m:35s","stepNo":45,"stepExpected":"Voice Options should be expanded.","screenShot":"COA_Install_7/45.png","stepDescription":"Expand Voice Options","stepStatus":"Passed","stepActual":"Voice Options is expanded."},{"timeTaken":"0h:0m:47s","stepNo":46,"stepExpected":"No of Tvs should be selected.","screenShot":"COA_Install_7/46.png","stepDescription":"Select no of TVs","stepStatus":"Failed","stepActual":"Failed in Equipment section, Unable to select required no of equipments 2"}]