[{"OrderOrgSystem":"","MO_EquipmentPrice":"","totalSteps":46,"T2_BundleType":"","OnProfile":"","Provisioning":"","T3_Category":"","NCOG Order Submission":"","T1_BundleProduct":"","browserName":"CHROME","MonthlyAmount":"","T2_Equipment":"","End Time":"","DisconnectType":"","OnProfile offers":"","TestResult":"Failed","JiraID":"","MO_TotalPrice_ReviewOrder":"","MO_GetTotals":"","T3_Equipment":"","OnProfile retained":"","BundlePrice":"","T3_PropositionPrice":"","Application":"COA","Description":"","T1_Offers":"","T3_BundleProduct":"","PropoPriceComp":"","MO_Tile_Totals":"","ISOC Validation":"","Sub Module":"","xpathDetails":"Click Element: lnkNoOfTvs - By.xpath: //div[contains(@class,'no-of-tvs-wrapper') or contains(@class,'no-of-iptvs-wrapper')]//div[(contains(.,'2')) and (not(contains(@class,'hide')))]","Offers added":"","feature":"Simplex","BR_B.5":"","BR_B.3":"","T3_TotalPrice":"","BR_B.2":"","BR_B.21":"","BR_B.1":"","BR_B.22":"","startTime":"","TestSessionID":"","BR_B.20":"","ISOC":"","BR_B.25":"","BR_B.26":"","BR_B.23":"","BR_B.24":"","IVAPP Validation":"","T1_TotalPrice":"","T2_PropositionPrice":"","timeTaken":"0h:6m:41s","JIRA App Name":"","MO_Tile_Optix_EquipmentPrice":"","FlowType":"Install","TileSelected":" ","T2_Category":"","ErrorMessage":"Failed in Equipment section, Unable to select required no of equipments 2","BR_B.14":"","BR_B.15":"","Billing Completed":"","SSP Validation":"","MO_Tile_BundlePrice":"","SSP Order Submission":"","MO_BundlePrice_ReviewOrder":"","T2_TotalPrice":"","MO_Tile_Taxes":" ","MO_Tile_Optix_BundlePrice":"","CPEM Validation":"","NumberOfTiles":" ","BndnetPrcflag":"","NoCompassReason":"","MO_PegaBundlePrice":"","T1_Category":"","MO_TotalsPriceProductPage":"","BndPrcflag":"","MO_BundlePrice_Summary":"","MO_Product_BundlePrice":"","BR_B.27":"","T2_BundleProduct":"","BR_B.28":"","MO_Tile_Optix_Totals":"","failed":2,"DatapointValue":"","DatapointType":"","ManualTestCaseName":"SC07_FCP_Data 1Gig+Ultimate HD TV+FDV_M2M_Order submit 1","BR_B.32":"","Environment":"NTE1","BR_B.30":"","BR_B.31":"","Application Code":"","T2_Offers":"","session":"http://optixnte12.ebiz.verizon.com/SimplexMS/Web/ContainerGatewaySvc/Gateway/GetWidgetView?AppId=EIQ&AgentSessionID=e3e0b4ee-fb08-4123-8bff-babbd6e90974&OrderSessionId=SIT-d29eab32-5b05-4282-b0ab-50d307421bf0&FlowType=Change&ProcessType=CONTAINERVIEW#/QnALoad","MO_SummaryBundlePrice":"","T3_Offers":"","MonthlyAmountwithoutPromos":"","Vision Validation":"","MO_Total_Taxes":"","accountNo":"","MO_Tile_Offers":" ","T1_BundleType":"","BundleNet":"","passed":44,"T1_PropositionPrice":"","MO_Tile_EquipmentPrice":" ","OnProfile removed":"","comments":"Failed in Equipment section, Unable to select required no of equipments 2","MO_SummaryTotalPrice":"","T1_Equipment":"","FRO Validation":"","vzID":"","JIRA Assignee":"","MO_BundlePriceProductPage":"","MON":"","MO_Tile_Details":" ","PropositionSelected":"","finalScreenShot":"COA_Install_7/finalResult.png","PropisitionCount":"","T3_BundleType":"","testId":"COA_Install_7"}]